{"across-time": {"editions-distribution": {"editions-per-race": [1, 2, 3, 4, 8, 6, 13, 7, 14, 9, 15, 10, 12, 11, 16, 5], "count": [88, 28, 15, 14, 12, 12, 8, 8, 7, 7, 6, 6, 5, 4, 1, 1]}, "runners-count-sex": {"men": {"counts": [118810, 118291, 116445, 111461, 102130, 97086, 92796, 79448, 74623, 68829, 55662, 51116, 41417, 34030, 22034, 7800], "years": [2013, 2012, 2014, 2011, 2010, 2009, 2015, 2008, 2007, 2006, 2005, 2003, 2004, 2002, 2001, 2000]}, "women": {"counts": [49717, 45861, 45298, 42386, 40363, 36751, 35970, 30577, 26209, 25709, 19954, 18239, 16175, 11515, 10656, 1318], "years": [2014, 2012, 2013, 2015, 2011, 2009, 2010, 2008, 2007, 2006, 2005, 2004, 2003, 2002, 2001, 2000]}}, "runners-count-distance": {"10km": {"counts": [38116, 37345, 26839, 24989, 24627, 22769, 18088, 11772, 11707, 11222, 5203, 1527, 1249, 790, 676, 26], "years": [2014, 2013, 2015, 2011, 2012, 2010, 2009, 2006, 2007, 2008, 2005, 2002, 2004, 2001, 2003, 2000]}, "42km": {"counts": [13621, 12977, 11854, 11828, 11819, 10586, 10356, 10159, 9987, 9129, 7119, 6976, 6952, 3620, 2288], "years": [2012, 2009, 2005, 2010, 2011, 2008, 2006, 2004, 2007, 2003, 2014, 2015, 2013, 2001, 2002]}, "21km": {"counts": [23376, 20955, 20197, 19767, 19588, 18930, 18033, 14108, 13391, 12931, 12601, 12241, 9973, 1962, 954, 737], "years": [2009, 2011, 2014, 2012, 2015, 2013, 2010, 2006, 2005, 2007, 2008, 2004, 2003, 2002, 2001, 2000]}}, "age-popular-races": {"Stralugano, Lugano": {"years": [2009, 2010, 2011, 2012, 2013, 2014, 2015], "ages": [41.16155419222904, 39.19370460048426, 38.09282088469906, 38.34046570169918, 38.75355001577785, 37.343805874840356, 37.63011816433086]}, "Basler Stadtlauf": {"years": [2001, 2002, 2003, 2004, 2005, 2006, 2007, 2008, 2009, 2010, 2011, 2012, 2013, 2014, 2015], "ages": [34.46029983342587, 34.04442508710802, 34.07746188710342, 34.2485401459854, 33.996132208157526, 33.90845588235294, 33.423304805793286, 29.587440034888793, 29.602476515798465, 28.06177606177606, 27.90543526292532, 31.269356597600872, 31.109314637287167, 31.04226285108638, 31.61562589107499]}, "Schweizer Frauenlauf Bern": {"years": [2001, 2002, 2003, 2004, 2005, 2006, 2007, 2008, 2009, 2010, 2011, 2012, 2013, 2014, 2015], "ages": [38.27961819202695, 38.518773548135634, 38.58361774744027, 38.69896851248643, 38.68435436119335, 39.21894894520035, 39.157766990291265, 39.14250814332247, 39.32137203166227, 39.47290640394089, 39.148487510982804, 38.676784643071386, 38.73173923388056, 38.8071615512729, 38.059716713881016]}, "Lucerne Marathon, Luzern": {"years": [2009, 2010, 2011, 2012, 2013, 2014, 2015], "ages": [39.95702291162658, 40.13171480396261, 40.134870539739794, 38.9972406873197, 39.73375827408679, 39.52461799660441, 39.47571126848056]}, "Thuner Stadtlauf, Thun": {"years": [2001, 2002, 2004, 2006, 2007, 2008, 2009, 2010, 2011, 2012, 2013, 2014, 2015], "ages": [30.37484433374844, 30.782159624413147, 31.298394711992447, 30.650392327811684, 31.03184165232358, 30.110867979576952, 29.26044568245125, 29.660666666666668, 31.077591198610307, 29.106455266138166, 30.765, 28.480148226574908, 29.956707642971672]}, "Z\u00fcrcher Silvesterlauf, Z\u00fcrich": {"years": [2006, 2007, 2008, 2009, 2010, 2011, 2012, 2013, 2014], "ages": [35.25286353223519, 35.19650443014929, 34.50321449444769, 33.837514934289125, 32.85858585858586, 32.07380566415562, 30.983346344002083, 32.42249372750082, 31.96446996982381]}, "Winterthur Marathon": {"years": [2002, 2003, 2007, 2008, 2009, 2010, 2011, 2012, 2013, 2014, 2015], "ages": [39.542043085476024, 40.42367399741268, 38.399181765049676, 38.57753424657534, 38.357009345794395, 38.68312757201646, 38.6433734939759, 37.328918322295806, 37.46581548599671, 37.319335486848175, 37.609214315096665]}, "Jungfrau-Marathon, Interlaken": {"years": [2001, 2003, 2004, 2005, 2006, 2007, 2008, 2009, 2010, 2011, 2012], "ages": [43.074642126789364, 43.12012426648257, 42.77602701181767, 43.54019823788546, 43.619347766511375, 43.71829598621029, 44.11220420101037, 44.70597127739985, 44.70532168387609, 44.50603041426324, 45.152177432410554]}, "Lausanne Marathon": {"years": [2010, 2011, 2012, 2013, 2014, 2015], "ages": [36.20331125827815, 36.00083598060525, 37.355012043727996, 35.85220700152207, 35.76841580456188, 35.6586532410321]}, "Morat-Fribourg": {"years": [2001, 2002, 2003, 2007, 2008, 2009, 2010, 2011, 2012, 2013, 2014, 2015], "ages": [38.89142068013119, 38.90706828683895, 39.12167952013711, 36.54758874275208, 37.41716093317517, 35.75430553834717, 36.887368009386, 36.48180013236267, 35.94366372341749, 36.123842592592595, 35.184932261262254, 34.19198405668733]}, "Course de l'Escalade, Gen\u00e8ve": {"years": [2002, 2003, 2005, 2006, 2007, 2008, 2009, 2010, 2011, 2012, 2013, 2014, 2015], "ages": [29.400179971718728, 31.308948004836758, 29.884021853733348, 30.57746342408681, 27.12466765140325, 28.176236908631275, 28.70935786308155, 27.537108248413766, 26.796294700560104, 29.36037496475895, 28.028047785115383, 28.667428898099185, 28.268378137342335]}, "Corrida Bulloise, Bulle": {"years": [2007, 2008, 2009, 2010, 2011, 2012, 2013, 2014, 2015], "ages": [31.552839683680805, 32.58016219588272, 32.93360160965795, 33.2379679144385, 21.900616612259704, 20.175406871609404, 20.13825136612022, 20.269076305220885, 20.509792949076665]}, "Frauenfelder": {"years": [2001, 2002, 2003, 2004, 2005, 2006, 2007, 2008, 2009, 2010, 2011, 2012, 2013, 2014, 2015], "ages": [40.45529573590096, 39.13828689370485, 39.876393110435664, 39.6672879776328, 40.738474434199496, 41.08994276369583, 40.8880895283773, 42.08647798742138, 42.18196202531646, 40.981235340109464, 41.3680981595092, 41.231089521165856, 40.54819277108434, 41.71047737135772, 41.36607687614399]}, "20km de Lausanne": {"years": [2000, 2001, 2002, 2003, 2004, 2005, 2006, 2007, 2009, 2010, 2011, 2012, 2013, 2014, 2015], "ages": [59.34567901234568, 60.494505494505496, 60.4375, 31.297136038186157, 30.983323406789754, 30.663949843260188, 36.49809001826939, 31.017744238221496, 30.609765701909826, 34.930428984218715, 35.74889291465379, 35.127347183379946, 32.40674120888025, 32.672666168782676, 30.335518474374254]}, "Kerzerslauf": {"years": [2000, 2001, 2003, 2004, 2005, 2006, 2007, 2008, 2009, 2010, 2011, 2012, 2013, 2014, 2015], "ages": [36.02992383025027, 36.4426735218509, 35.758912386706946, 35.72224386443319, 36.48003293536435, 37.40024038461539, 36.19486226128105, 35.28056082956039, 37.77349479788504, 38.42793689692143, 37.84732449680903, 37.522379092820664, 37.462054641316506, 36.551475682416516, 36.803791057734045]}, "ASICS Bremgarter Reusslauf": {"years": [2002, 2003, 2004, 2005, 2006, 2007, 2008, 2010, 2011, 2012, 2013, 2014, 2015], "ages": [32.70786516853933, 34.03160556257902, 37.02394366197183, 35.901234567901234, 41.55749128919861, 42.112354085603116, 41.66852471200297, 41.157247212610535, 41.05397923875432, 40.577473958333336, 40.80232558139535, 42.12512250898399, 41.799442896935936]}, "Z\u00fcrich Marathon, Teamrun und Cityrun": {"years": [2003, 2004, 2005, 2006, 2007, 2008, 2009, 2010, 2011, 2012, 2013, 2014, 2015], "ages": [39.98412017167382, 40.09013398294763, 40.41861731083288, 40.68358445678033, 41.46973627323822, 41.87976475713352, 42.05798915310805, 42.50777037741833, 42.801560062402494, 40.665797479356804, 39.96557890031292, 39.68685491723466, 40.10847658565501]}, "Luzerner Stadtlauf": {"years": [2002, 2003, 2004, 2006, 2007, 2008, 2009, 2010, 2011, 2013, 2014, 2015], "ages": [30.330930537352554, 30.465505693235098, 32.282101167315176, 26.068900424728646, 26.635486577181208, 25.416814946619215, 20.788235294117648, 20.67677314564158, 21.06359102244389, 21.92434988179669, 22.24133242692046, 23.185676392572944]}, "Int Greifenseelauf, Uster": {"years": [2003, 2004, 2005, 2006, 2007, 2008, 2009], "ages": [37.76439539347409, 37.80835863547062, 37.69918321886022, 38.05605768254291, 39.347642079806526, 37.99222614840989, 37.61972924032077]},